{"peak_power_hp_MeanImputer": 27038.70872000092, "manufacture_year_MeanImputer": 21589.20345406067, "peak_torque_nm_MeanImputer": 6242.1695288124165, "mileage_MeanImputer": 4152.911987446647, "width_mm_MeanImputer": 2611.332546479496, "assembled_CharGramCountVectorizer_parallel import": 2364.5268105962964, "height_mm_MeanImputer": 2360.24873869364, "wheel_base_mm_MeanImputer": 2218.483551269977, "brand_CharGramCountVectorizer_mercedes-benz": 1908.4625859494952, "assembled_CharGramCountVectorizer_locally built": 1728.1794301056307, "brand_CharGramCountVectorizer_toyota": 1690.8337123524768, "brand_CharGramCountVectorizer_porsche": 1084.677655990476, "brand_CharGramCountVectorizer_proton": 1072.9049685487448, "engine_cc_MeanImputer": 989.3833775218985, "brand_CharGramCountVectorizer_honda": 975.5316802041643, "brand_CharGramCountVectorizer_peugeot": 721.9220649101967, "length_mm_MeanImputer": 666.4768190292821, "brand_CharGramCountVectorizer_lexus": 611.0390855671818, "brand_CharGramCountVectorizer_mini": 581.7720519487129, "doors_MeanImputer": 543.8019573367056, "aspiration_CharGramCountVectorizer_twin-scroll turbo": 445.4979856186556, "aspiration_CharGramCountVectorizer_twin turbo intercooled": 405.4822180243396, "direct_injection_CharGramCountVectorizer_direct injection": 394.5969833499639, "brand_CharGramCountVectorizer_bmw": 381.6524255339262, "seat_capacity_MeanImputer": 374.4557768728316, "brand_CharGramCountVectorizer_ford": 286.78034279467596, "brand_CharGramCountVectorizer_land rover": 274.5532872736464, "assembled_CharGramCountVectorizer_official import": 237.53554952888706, "aspiration_CharGramCountVectorizer_turbo intercooled": 233.35577439190845, "aspiration_CharGramCountVectorizer_turbocharged": 215.53931902137637, "colour_CharGramCountVectorizer_silver": 156.24106328272896, "brand_CharGramCountVectorizer_volkswagen": 141.06650335390393, "model_HashOneHotEncoder_129": 120.80631055031753, "brand_CharGramCountVectorizer_volvo": 118.78804966670478, "brand_CharGramCountVectorizer_mazda": 112.23176264728728, "aspiration_CharGramCountVectorizer_aspirated": 111.43601611877428, "brand_CharGramCountVectorizer_renault": 103.2387108495041, "colour_CharGramCountVectorizer_black": 102.8054915462576, "fuel_type_CharGramCountVectorizer_hybrid": 98.67173573098151, "tranmission_ModeCatImputer_LabelEncoder": 93.49773903154828, "brand_CharGramCountVectorizer_hyundai": 87.01630013071798, "colour_CharGramCountVectorizer_blue": 81.63172424634752, "direct_injection_CharGramCountVectorizer_multi-point injected": 74.45790871231343, "colour_CharGramCountVectorizer_yellow": 71.86852859997991, "model_HashOneHotEncoder_248": 63.43251668619376, "model_HashOneHotEncoder_247": 56.450039206749196, "model_HashOneHotEncoder_0": 56.23771697724295, "model_HashOneHotEncoder_211": 51.67308471612939, "model_HashOneHotEncoder_117": 51.33268710479851, "model_HashOneHotEncoder_96": 48.778998603547585, "fuel_type_CharGramCountVectorizer_diesel": 47.94211177752815, "model_HashOneHotEncoder_166": 43.87079909778788, "model_HashOneHotEncoder_139": 39.64720778997005, "model_HashOneHotEncoder_25": 37.66007273729625, "model_HashOneHotEncoder_175": 28.09501778188807, "model_HashOneHotEncoder_252": 20.464690279832766, "model_HashOneHotEncoder_219": 18.667542513062273, "model_HashOneHotEncoder_95": 17.07309060841081, "model_HashOneHotEncoder_250": 16.406303707839555, "brand_CharGramCountVectorizer_nissan": 16.40624542187177, "colour_CharGramCountVectorizer_green": 15.798168063778197, "model_HashOneHotEncoder_203": 15.625963452945582, "model_HashOneHotEncoder_91": 15.417298212400013, "model_HashOneHotEncoder_222": 14.974801749412393, "colour_CharGramCountVectorizer_white": 14.107686327648318, "model_HashOneHotEncoder_92": 13.447862208609179, "model_HashOneHotEncoder_179": 12.003053744666625, "colour_CharGramCountVectorizer_red": 11.383117134189199, "fuel_type_CharGramCountVectorizer_petrol - unleaded (ulp)": 11.116590046626895, "model_HashOneHotEncoder_142": 10.708308630889292, "model_HashOneHotEncoder_70": 5.986679541617387, "model_HashOneHotEncoder_2": 5.969447888416958, "model_HashOneHotEncoder_1": 5.7379326301308, "model_HashOneHotEncoder_3": 4.744320639761258, "model_HashOneHotEncoder_6": 4.374048762552381, "model_HashOneHotEncoder_90": 3.747861842855809, "model_HashOneHotEncoder_15": 3.525643214642094, "model_HashOneHotEncoder_133": 3.5034545979055256, "model_HashOneHotEncoder_155": 3.297954300452876, "model_HashOneHotEncoder_186": 2.7410280310240522, "model_HashOneHotEncoder_201": 2.70872248962351, "brand_CharGramCountVectorizer_kia": 2.343676673918987, "model_HashOneHotEncoder_105": 2.123440795502381, "model_HashOneHotEncoder_136": 1.870644696107268, "aspiration_CharGramCountVectorizer_turbo supercharged intercooled": 1.673627879097397, "model_HashOneHotEncoder_40": 0.0, "model_HashOneHotEncoder_37": 0.0, "model_HashOneHotEncoder_48": 0.0, "model_HashOneHotEncoder_47": 0.0, "model_HashOneHotEncoder_46": 0.0, "model_HashOneHotEncoder_38": 0.0, "model_HashOneHotEncoder_45": 0.0, "model_HashOneHotEncoder_49": 0.0, "model_HashOneHotEncoder_36": 0.0, "model_HashOneHotEncoder_44": 0.0, "model_HashOneHotEncoder_43": 0.0, "model_HashOneHotEncoder_42": 0.0, "model_HashOneHotEncoder_34": 0.0, "model_HashOneHotEncoder_41": 0.0, "model_HashOneHotEncoder_35": 0.0, "model_HashOneHotEncoder_39": 0.0, "model_HashOneHotEncoder_56": 0.0, "model_HashOneHotEncoder_50": 0.0, "model_HashOneHotEncoder_63": 0.0, "model_HashOneHotEncoder_74": 0.0, "model_HashOneHotEncoder_73": 0.0, "model_HashOneHotEncoder_72": 0.0, "model_HashOneHotEncoder_71": 0.0, "model_HashOneHotEncoder_69": 0.0, "model_HashOneHotEncoder_68": 0.0, "model_HashOneHotEncoder_67": 0.0, "model_HashOneHotEncoder_66": 0.0, "model_HashOneHotEncoder_65": 0.0, "model_HashOneHotEncoder_64": 0.0, "model_HashOneHotEncoder_62": 0.0, "model_HashOneHotEncoder_51": 0.0, "model_HashOneHotEncoder_61": 0.0, "model_HashOneHotEncoder_60": 0.0, "model_HashOneHotEncoder_59": 0.0, "model_HashOneHotEncoder_58": 0.0, "model_HashOneHotEncoder_57": 0.0, "model_HashOneHotEncoder_32": 0.0, "model_HashOneHotEncoder_55": 0.0, "model_HashOneHotEncoder_54": 0.0, "model_HashOneHotEncoder_53": 0.0, "model_HashOneHotEncoder_52": 0.0, "model_HashOneHotEncoder_33": 0.0, "model_HashOneHotEncoder_23": 0.0, "model_HashOneHotEncoder_31": 0.0, "fuel_type_CharGramCountVectorizer_petrol - leaded": 0.0, "direct_injection_CharGramCountVectorizer_direct/multi-point injection": 0.0, "colour_CharGramCountVectorizer_purple": 0.0, "colour_CharGramCountVectorizer_pink": 0.0, "colour_CharGramCountVectorizer_orange": 0.0, "colour_CharGramCountVectorizer_maroon": 0.0, "colour_CharGramCountVectorizer_magenta": 0.0, "colour_CharGramCountVectorizer_grey": 0.0, "colour_CharGramCountVectorizer_gold": 0.0, "colour_CharGramCountVectorizer_brown": 0.0, "colour_CharGramCountVectorizer_bronze": 0.0, "colour_CharGramCountVectorizer_beige": 0.0, "model_HashOneHotEncoder_76": 0.0, "colour_CharGramCountVectorizer_ -": 0.0, "steering_type_CharGramCountVectorizer_electronic power steering": 0.0, "steering_type_CharGramCountVectorizer_hydraulic power": 0.0, "brand_CharGramCountVectorizer_subaru": 0.0, "steering_type_CharGramCountVectorizer_rack and pinion": 0.0, "steering_type_CharGramCountVectorizer_recirculating ball": 0.0, "steering_type_CharGramCountVectorizer_worm and roller": 0.0, "brand_CharGramCountVectorizer_perodua": 0.0, "brand_CharGramCountVectorizer_mitsubishi": 0.0, "brand_CharGramCountVectorizer_jaguar": 0.0, "direct_injection_CharGramCountVectorizer_carburettor single": 0.0, "aspiration_CharGramCountVectorizer_supercharged intercooled": 0.0, "aspiration_CharGramCountVectorizer_supercharged": 0.0, "model_HashOneHotEncoder_18": 0.0, "model_HashOneHotEncoder_30": 0.0, "model_HashOneHotEncoder_29": 0.0, "model_HashOneHotEncoder_28": 0.0, "model_HashOneHotEncoder_27": 0.0, "model_HashOneHotEncoder_26": 0.0, "model_HashOneHotEncoder_24": 0.0, "model_HashOneHotEncoder_22": 0.0,