{"peak_power_hp": 27038.70872000092, "manufacture_year": 21589.20345406067, "brand": 10171.221109817605, "peak_torque_nm": 6242.1695288124165, "assembled": 4330.241790230814, "mileage": 4152.911987446647, "width_mm": 2611.332546479496, "height_mm": 2360.24873869364, "wheel_base_mm": 2218.483551269977, "aspiration": 1412.9849410541517, "engine_cc": 989.3833775218985, "model": 803.1045457905819, "length_mm": 666.4768190292821, "doors": 543.8019573367056, "direct_injection": 469.05489206227736, "colour": 453.8357792009297, "seat_capacity": 374.4557768728316, "fuel_type": 157.73043755513655, "tranmission": 93.49773903154828, "steering_type": 0.0, "product_link-href": 0.0}